<?xml version="1.0"?>
<ruleset name="Shaarli">
  <description>The Shaarli coding standards</description>

  <file>index.php</file>
  <file>application</file>
  <file>plugins</file>
  <file>tests</file>

  <exclude-pattern>*/*.css</exclude-pattern>
  <exclude-pattern>*/*.js</exclude-pattern>

  <arg name="colors"/>

  <rule ref="PSR12"/>
  <rule ref="Generic.Arrays.DisallowLongArraySyntax"/>

  <rule ref="PSR1.Files.SideEffects.FoundWithSymbols">
    <!--  index.php bootstraps everything, so yes mixed symbols with side effects  -->
    <exclude-pattern>index.php</exclude-pattern>
    <exclude-pattern>plugins/*</exclude-pattern>
    <exclude-pattern>tests/bootstrap.php</exclude-pattern>
    <exclude-pattern>tests/utils/RainTPL.php</exclude-pattern>
  </rule>

  <rule ref="PSR1.Classes.ClassDeclaration.MissingNamespace">
    <exclude-pattern>tests/utils/RainTPL.php</exclude-pattern>
  </rule>
</ruleset>
